{
    "metrics": {
        "MAE": 118388.06960865454,
        "MSE": 65993378609.51129,
        "RMSE": 256891.76438630978,
        "MAPE": 0.2731062112410416,
        "MdAPE": 0.18663715202801284,
        "R2": 0.7218292268969124
    }
}