{"metrics": {"MAE": 140159.12867927703, "MSE": 65249588939.29369, "RMSE": 255439.9908771015, "MAPE": 0.35473403834467787, "MdAPE": 0.2584823647535637, "R2": 0.7249643982118221}}