{"metrics": {"MAE": 832525.6424443211, "MSE": 4978947220849.733, "RMSE": 2231355.4671655823, "MAPE": 1.5230674184562965, "MdAPE": 0.5996429160949288, "R2": 0.3447274368661537}}