{"metrics": {"MAE": 794176.3104104782, "MSE": 4594148349061.138, "RMSE": 2143396.451676903, "MAPE": 1.2436497087948606, "MdAPE": 0.5305443145956817, "R2": 0.3953703000706551}}