{"metrics": {"MAE": 110997.3605022251, "MSE": 57965627070.392845, "RMSE": 240760.51808881134, "MAPE": 0.2529695573247659, "MdAPE": 0.1749349315497365, "R2": 0.7556672557865901}}