{"metrics": {"MAE": 111071.45888170264, "MSE": 59767351601.92142, "RMSE": 244473.62148485758, "MAPE": 0.25381483091620155, "MdAPE": 0.17802482006842718, "R2": 0.7480727498465372}}