{"metrics": {"MAE": 159223.19382170375, "MSE": 140797160061.85037, "RMSE": 375229.47653649276, "MAPE": 0.3574934729733503, "MdAPE": 0.24493018259935553, "R2": 0.40652144669133017}}