{"metrics": {"MAE": 1018123.9542282276, "MSE": 11178998033456.531, "RMSE": 3343500.864880482, "MAPE": 1.1975507416371807, "MdAPE": 0.46841776110068795, "R2": -0.4712529315386309}}