{"metrics": {"MAE": 804995.3924940957, "MSE": 4599434234950.993, "RMSE": 2144629.1602398288, "MAPE": 1.4862961499154648, "MdAPE": 0.5731233108874823, "R2": 0.3946746317211345}}