{"metrics": {"MAE": 699155.9855754058, "MSE": 4617345617888.46, "RMSE": 2148800.9721443397, "MAPE": 0.9585584599672319, "MdAPE": 0.39538203394318727, "R2": 0.3923173386456915}}