{"metrics": {"MAE": 802195.0343364918, "MSE": 4628995741129.282, "RMSE": 2151510.107140862, "MAPE": 1.5213547010616801, "MdAPE": 0.5830646511035384, "R2": 0.3907840815577531}}