{"metrics": {"MAE": 723786.9474247636, "MSE": 4586271462259.822, "RMSE": 2141558.1855881996, "MAPE": 0.9933659715782447, "MdAPE": 0.43689521113335356, "R2": 0.3964069665736055}}