{"metrics": {"MAE": 135824.35100128516, "MSE": 60874082686.41511, "RMSE": 246726.73686979106, "MAPE": 0.3428360371050618, "MdAPE": 0.25044274731269855, "R2": 0.7434077327209181}}