{"metrics": {"MAE": 108887.87080670906, "MSE": 44993499172.134895, "RMSE": 212116.7112043153, "MAPE": 0.2483234547942488, "MdAPE": 0.17445030607476295, "R2": 0.8103464815253141}}