{"metrics": {"MAE": 144534.73103645493, "MSE": 97093799841.91777, "RMSE": 311598.78023175534, "MAPE": 0.3252891525967285, "MdAPE": 0.22641509433962265, "R2": 0.5907368597483795}}