{"metrics": {"MAE": 141682.06147963819, "MSE": 86874647475.83624, "RMSE": 294745.05504899693, "MAPE": 0.3171294763768882, "MdAPE": 0.2188364424867726, "R2": 0.6338119314302141}}