{"metrics": {"MAE": 802707.8440665319, "MSE": 4485721527900.282, "RMSE": 2117952.201514539, "MAPE": 1.4854228718174665, "MdAPE": 0.5651372378176267, "R2": 0.4096402085197757}}