{"metrics": {"MAE": 1013833.158076411, "MSE": 11799225669462.434, "RMSE": 3435000.0974472235, "MAPE": 1.0894345340779474, "MdAPE": 0.457625805175105, "R2": -0.5528802585105106}}