{"metrics": {"MAE": 137618.1756062922, "MSE": 59701951274.74757, "RMSE": 244339.8274427392, "MAPE": 0.3496809740305768, "MdAPE": 0.2545397960581696, "R2": 0.7483484208298155}}