{"metrics": {"MAE": 741111.1449096942, "MSE": 5090695285628.431, "RMSE": 2256256.9192422284, "MAPE": 0.9950013469674733, "MdAPE": 0.4236849169960475, "R2": 0.3300204240008342}}