{"metrics": {"MAE": 123893.08865170284, "MSE": 52316883801.27379, "RMSE": 228728.84339600414, "MAPE": 0.29980428988626917, "MdAPE": 0.2079281525726895, "R2": 0.7794774518295798}}