{"metrics": {"MAE": 147503.93524157154, "MSE": 110426475841.94574, "RMSE": 332304.79358857544, "MAPE": 0.3348971487681825, "MdAPE": 0.22434318125701458, "R2": 0.53453787632603}}