{"metrics": {"MAE": 109759.06396827455, "MSE": 46087491678.79928, "RMSE": 214679.97502980867, "MAPE": 0.24770240876281147, "MdAPE": 0.17720433496995197, "R2": 0.8057351591811667}}