{"metrics": {"MAE": 965645.4956349565, "MSE": 9861239951489.926, "RMSE": 3140261.1279143533, "MAPE": 1.099395830165476, "MdAPE": 0.4394573142857143, "R2": -0.29782455849931355}}