{"metrics": {"MAE": 831393.3402810821, "MSE": 5156097188227.035, "RMSE": 2270704.117278831, "MAPE": 1.5508058120704467, "MdAPE": 0.5936669933556249, "R2": 0.32141296735414504}}