{"metrics": {"MAE": 768063.4823452429, "MSE": 4673574225840.056, "RMSE": 2161845.09755904, "MAPE": 1.1165337962095654, "MdAPE": 0.513426339148773, "R2": 0.3849171669990431}}