{"metrics": {"MAE": 117687.59692299427, "MSE": 65708036755.031204, "RMSE": 256335.789063937, "MAPE": 0.2748017658805076, "MdAPE": 0.1909611708095349, "R2": 0.7230319803538775}}