{"metrics": {"MAE": 1080136.0582724006, "MSE": 10751240738603.531, "RMSE": 3278908.467554947, "MAPE": 1.2437192087266136, "MdAPE": 0.4703176199972938, "R2": -0.41495636791494794}}