{"metrics": {"MAE": 775149.4170975526, "MSE": 4339023011262.1816, "RMSE": 2083032.1676013987, "MAPE": 1.212722886060954, "MdAPE": 0.5039440686573263, "R2": 0.4289470034588422}}