{"metrics": {"MAE": 124862.11442320081, "MSE": 51871979080.43858, "RMSE": 227754.20760205196, "MAPE": 0.302789288356453, "MdAPE": 0.2108364027228321, "R2": 0.7813527837607458}}