{"metrics": {"MAE": 124597.7179709606, "MSE": 51058039338.73421, "RMSE": 225960.26052988655, "MAPE": 0.3004273410559387, "MdAPE": 0.20993330318519812, "R2": 0.7847836468561019}}