{"metrics": {"MAE": 778386.3252461624, "MSE": 4335807261113.4453, "RMSE": 2082260.1329116987, "MAPE": 1.1744930461008802, "MdAPE": 0.5112760288798526, "R2": 0.42937022402112024}}