{"metrics": {"MAE": 763772.5650179726, "MSE": 4983366413173.957, "RMSE": 2232345.4959244, "MAPE": 1.0983487940926127, "MdAPE": 0.45190826965191666, "R2": 0.34414583289390244}}