{"metrics": {"MAE": 770038.270785291, "MSE": 5170636424650.491, "RMSE": 2273903.3454943704, "MAPE": 1.1246562773687467, "MdAPE": 0.45709702421859777, "R2": 0.3194994779567657}}