{"metrics": {"MAE": 776004.3987098393, "MSE": 4627926360728.229, "RMSE": 2151261.5742229554, "MAPE": 1.1372732057470365, "MdAPE": 0.522956215780543, "R2": 0.3909248212774731}}