{"metrics": {"MAE": 163625.0031873143, "MSE": 141198777378.26596, "RMSE": 375764.25771787553, "MAPE": 0.3653522356336454, "MdAPE": 0.2437237316334288, "R2": 0.4048285768647987}}