{"metrics": {"MAE": 109810.0822254128, "MSE": 47429858132.49762, "RMSE": 217783.97124788046, "MAPE": 0.25129362094904767, "MdAPE": 0.17564664283513104, "R2": 0.8000769079735357}}