{"metrics": {"MAE": 138067.7586783919, "MSE": 65077116843.33799, "RMSE": 255102.1694210733, "MAPE": 0.3448080245484283, "MdAPE": 0.24987312922821364, "R2": 0.725691390787162}}