{"metrics": {"MAE": 118804.4833605303, "MSE": 67266305895.43213, "RMSE": 259357.4866770422, "MAPE": 0.2762030995736715, "MdAPE": 0.1889633189573378, "R2": 0.7164636709170648}}