{"metrics": {"MAE": 749418.4044729964, "MSE": 4263844394591.23, "RMSE": 2064907.8416702354, "MAPE": 1.161705560276169, "MdAPE": 0.5105833156239103, "R2": 0.438841160326491}}