{"metrics": {"MAE": 126149.92831200594, "MSE": 51640611967.79153, "RMSE": 227245.70835945732, "MAPE": 0.3095007223732209, "MdAPE": 0.2066105247414658, "R2": 0.7823280265798245}}