{"metrics": {"MAE": 118158.85462311962, "MSE": 58769026474.9913, "RMSE": 242423.23831471129, "MAPE": 0.2763738363679371, "MdAPE": 0.1961094482596636, "R2": 0.7522808215988501}}