{"metrics": {"MAE": 701013.6235983593, "MSE": 4814957715835.61, "RMSE": 2194301.1907747784, "MAPE": 0.9927425147149562, "MdAPE": 0.40798290394546877, "R2": 0.3663098755848586}}