{"metrics": {"MAE": 767128.6069365613, "MSE": 4635327944630.688, "RMSE": 2152981.1760976193, "MAPE": 1.2093722538614025, "MdAPE": 0.5010781516036401, "R2": 0.3899507087512939}}