{"metrics": {"MAE": 121708.62158049786, "MSE": 76464944190.48305, "RMSE": 276522.95418370434, "MAPE": 0.2863919749412169, "MdAPE": 0.19459638860887096, "R2": 0.6776902003061633}}