{"metrics": {"MAE": 988214.5235219108, "MSE": 10350430629391.494, "RMSE": 3217208.51506263, "MAPE": 1.0894713167756076, "MdAPE": 0.4461961841973829, "R2": -0.3622062872365459}}