{
    "metrics": {
        "MAE": 120800.98569529012,
        "MSE": 69500363979.89406,
        "RMSE": 263629.2168555945,
        "MAPE": 0.2822974135225245,
        "MdAPE": 0.19026328340550275,
        "R2": 0.7070468221724483
    }
}