{"metrics": {"MAE": 721829.1439140472, "MSE": 4865153800574.449, "RMSE": 2205709.364484462, "MAPE": 0.9148258095207257, "MdAPE": 0.39585983172905526, "R2": 0.35970363622398227}}