{"metrics": {"MAE": 405.6127176576577, "MSE": 446685.7647003248, "RMSE": 668.3455428895481, "MAPE": 0.19765839697456788, "MdAPE": 0.14619119770158756, "R2": 0.6959963191443438}}